col_name,year,var_name_edit,var_group_1
Response ID,2020,resp_id,Demographics
What year were you born?,2020,year_born,Demographics
What is your gender?,2020,gender,Demographics
Which of the following best describes your industry?,2020,industry,Demographics
Which of the following best describes your industry? (Detailed),2020,industry_detail,Demographics
Which of the following best describes your current occupation?,2020,occupation,Demographics
Which of the following best describes your current occupation? (Detailed),2020,occupation_detail,Demographics
How many people are currently employed by your organisation?,2020,org_size,Demographics
Do you manage people as part of your current occupation?,2020,manage_people,Management screener
Which of the following best describes your household?,2020,household_type,Demographics
How long have you been in your current job?,2020,years_in_job,Demographics
Metro / Regional,2020,metro_regional,Demographics
"Thinking about your current job, how much of your time did you spend remote working last year?",2020,remote_time_spent_last_year,Time spent working remotely
"Thinking about remote working last year, how strongly do you agree or disagree with the following statements? - My organisation encouraged people to work remotely",2020,remote_encouraged_last_year,Remote statement trend
"Thinking about remote working last year, how strongly do you agree or disagree with the following statements? - My organisation was well prepared for me to work remotely",2020,remote_prepared_last_year,Remote statement trend
"Thinking about remote working last year, how strongly do you agree or disagree with the following statements? - It was common for people in my organisation to work remotely",2020,remote_common_last_year,Remote statement trend
"Thinking about remote working last year, how strongly do you agree or disagree with the following statements? - It was easy to get permission to work remotely",2020,remote_easy_permission_last_year,Remote statement trend
"Thinking about remote working last year, how strongly do you agree or disagree with the following statements? - I could easily collaborate with colleagues when working remotely",2020,remote_easy_collaborate_last_year,Remote statement trend
"Thinking about remote working last year, how strongly do you agree or disagree with the following statements? - I would recommend remote working to others",2020,remote_recommend_last_year,Remote statement trend
How much of your time would you have preferred to work remotely last year?,2020,remote_preferred_last_year,Preference for remote working
"Thinking about your current job, how much of your time did you spend remote working in the last 3 months?",2020,remote_time_spent_3mo,Time spent working remotely
"Thinking about remote working in the last 3 months, how strongly do you agree or disagree with the following statements? - My organisation encouraged people to work remotely",2020,remote_encouraged_3mo,Remote statement trend
"Thinking about remote working in the last 3 months, how strongly do you agree or disagree with the following statements? - My organisation was well prepared for me to work remotely",2020,remote_prepared_3mo,Remote statement trend
"Thinking about remote working in the last 3 months, how strongly do you agree or disagree with the following statements? - It was common for people in my organisation to work remotely",2020,remote_common_3mo,Remote statement trend
"Thinking about remote working in the last 3 months, how strongly do you agree or disagree with the following statements? - It was easy to get permission to work remotely",2020,remote_easy_permission_3mo,Remote statement trend
"Thinking about remote working in the last 3 months, how strongly do you agree or disagree with the following statements? - I could easily collaborate with colleagues when working remotely",2020,remote_easy_collaborate_3mo,Remote statement trend
"Thinking about remote working in the last 3 months, how strongly do you agree or disagree with the following statements? - I would recommend remote working to others",2020,remote_recommend_3mo,Remote statement trend
How much of your time would you have preferred to work remotely in the last 3 months?,2020,remote_preferred_3mo,Preference for remote working
"Imagine that COVID-19 is cured or eradicated. Going forward, how much of your time would you prefer to work remotely?",2020,covid_remote_time_preferred,COVID-19 cured or eradicated
Imagine that COVID-19 is cured or eradicated.  How likely would you consider the following statements? - My employer would encourage more remote working,2020,covid_remote_employer_encourage,COVID-19 cured or eradicated
Imagine that COVID-19 is cured or eradicated.  How likely would you consider the following statements? - My employer would make changes to support remote working,2020,covid_remote_employer_changes,COVID-19 cured or eradicated
Imagine that COVID-19 is cured or eradicated.  How likely would you consider the following statements? - I would have more choice about whether I work remotely,2020,covid_remote_more_choice,COVID-19 cured or eradicated
"This question is about your productivity. Productivity means what you produce for each hour that you work. It includes the amount of work you achieve each hour, and the quality of your work each hour.  
Please compare your productivity when you work remotely to when you work at your employer’s workplace.  
Roughly how productive are you, each hour, when you work remotely?",2020,remote_productivity_per_hour,Remote productivity
"On a day when you attend your employer's workplace, how many hours would you spend doing the following activities? - Preparing for work and commuting",2020,onsite_time_spent_prep,Time spent
"On a day when you attend your employer's workplace, how many hours would you spend doing the following activities? - Working",2020,onsite_time_spent_working,Time spent
"On a day when you attend your employer's workplace, how many hours would you spend doing the following activities? - Personal and family time",2020,onsite_time_spent_personal,Time spent
"On a day when you attend your employer's workplace, how many hours would you spend doing the following activities? - Caring and domestic responsibilities",2020,onsite_time_spent_caring,Time spent
"On a day when you do remote work, how many hours would you spend doing the following activities? - Preparing for work and commuting",2020,remote_time_spent_prep,Time spent
"On a day when you do remote work, how many hours would you spend doing the following activities? - Working",2020,remote_time_spent_working,Time spent
"On a day when you do remote work, how many hours would you spend doing the following activities? - Personal and family time",2020,remote_time_spent_personal,Time spent
"On a day when you do remote work, how many hours would you spend doing the following activities? - Caring and domestic responsibilities",2020,remote_time_spent_caring,Time spent
"From the following, please select the most significant barrier to doing your work remotely - Connectivity (internet connection) ; Feeling left out and/or isolated ; Poor management ; IT equipment (computer, printer, etc.) ; Difficulty collaborating remotely ; Caring responsibilities",2020,remote_barrier_1_most,Remote barriers
"From the following, please select the least significant barrier to doing your work remotely - Connectivity (internet connection) ; Feeling left out and/or isolated ; Poor management ; IT equipment (computer, printer, etc.) ; Difficulty collaborating remotely ; Caring responsibilities",2020,remote_barrier_1_least,Remote barriers
"From the following, please select the most significant barrier to doing your work remotely - Connectivity (internet connection) ; Feeling left out and/or isolated ; Poor management ; Cyber security ; Lack of motivation ; Lack of motivation",2020,remote_barrier_2_most,Remote barriers
"From the following, please select the least significant barrier to doing your work remotely - Connectivity (internet connection) ; Feeling left out and/or isolated ; Poor management ; Cyber security ; Lack of motivation ; Lack of motivation",2020,remote_barrier_2_least,Remote barriers
"From the following, please select the most significant barrier to doing your work remotely - Connectivity (internet connection) ; Feeling left out and/or isolated ; Poor management ; My organisation's software and systems ; My workspace (e.g. suitable chair, lighting, noise levels, facilities) ; I have tasks that can't be done remotely",2020,remote_barrier_3_most,Remote barriers
"From the following, please select the least significant barrier to doing your work remotely - Connectivity (internet connection) ; Feeling left out and/or isolated ; Poor management ; My organisation's software and systems ; My workspace (e.g. suitable chair, lighting, noise levels, facilities) ; I have tasks that can't be done remotely",2020,remote_barrier_3_least,Remote barriers
"From the following, please select the most significant barrier to doing your work remotely - Connectivity (internet connection) ; Feeling left out and/or isolated ; Poor management ; Lack of remote working skills ; My living situation (e.g. location, home size, who I live with) ; Management discourages remote working",2020,remote_barrier_4_most,Remote barriers
"From the following, please select the least significant barrier to doing your work remotely - Connectivity (internet connection) ; Feeling left out and/or isolated ; Poor management ; Lack of remote working skills ; My living situation (e.g. location, home size, who I live with) ; Management discourages remote working",2020,remote_barrier_4_least,Remote barriers
"From the following, please select the most significant barrier to doing your work remotely - IT equipment (computer, printer, etc.) ; Difficulty collaborating remotely ; Caring responsibilities ; Cyber security ; Lack of motivation ; Lack of motivation",2020,remote_barrier_5_most,Remote barriers
"From the following, please select the least significant barrier to doing your work remotely - IT equipment (computer, printer, etc.) ; Difficulty collaborating remotely ; Caring responsibilities ; Cyber security ; Lack of motivation ; Lack of motivation",2020,remote_barrier_5_least,Remote barriers
"From the following, please select the most significant barrier to doing your work remotely - IT equipment (computer, printer, etc.) ; Difficulty collaborating remotely ; Caring responsibilities ; My organisation's software and systems ; My workspace (e.g. suitable chair, lighting, noise levels, facilities) ; I have tasks that can't be done remotely",2020,remote_barrier_6_most,Remote barriers
"From the following, please select the least significant barrier to doing your work remotely - IT equipment (computer, printer, etc.) ; Difficulty collaborating remotely ; Caring responsibilities ; My organisation's software and systems ; My workspace (e.g. suitable chair, lighting, noise levels, facilities) ; I have tasks that can't be done remotely",2020,remote_barrier_6_least,Remote barriers
"From the following, please select the most significant barrier to doing your work remotely - IT equipment (computer, printer, etc.) ; Difficulty collaborating remotely ; Caring responsibilities ; Lack of remote working skills ; My living situation (e.g. location, home size, who I live with) ; Management discourages remote working",2020,remote_barrier_7_most,Remote barriers
"From the following, please select the least significant barrier to doing your work remotely - IT equipment (computer, printer, etc.) ; Difficulty collaborating remotely ; Caring responsibilities ; Lack of remote working skills ; My living situation (e.g. location, home size, who I live with) ; Management discourages remote working",2020,remote_barrier_7_least,Remote barriers
"From the following, please select the most significant barrier to doing your work remotely - Cyber security ; Lack of motivation ; Lack of motivation ; My organisation's software and systems ; My workspace (e.g. suitable chair, lighting, noise levels, facilities) ; I have tasks that can't be done remotely",2020,remote_barrier_8_most,Remote barriers
"From the following, please select the least significant barrier to doing your work remotely - Cyber security ; Lack of motivation ; Lack of motivation ; My organisation's software and systems ; My workspace (e.g. suitable chair, lighting, noise levels, facilities) ; I have tasks that can't be done remotely",2020,remote_barrier_8_least,Remote barriers
"From the following, please select the most significant barrier to doing your work remotely - Cyber security ; Lack of motivation ; Lack of motivation ; Lack of remote working skills ; My living situation (e.g. location, home size, who I live with) ; Management discourages remote working",2020,remote_barrier_9_most,Remote barriers
"From the following, please select the least significant barrier to doing your work remotely - Cyber security ; Lack of motivation ; Lack of motivation ; Lack of remote working skills ; My living situation (e.g. location, home size, who I live with) ; Management discourages remote working",2020,remote_barrier_9_least,Remote barriers
"From the following, please select the most significant barrier to doing your work remotely - My organisation's software and systems ; My workspace (e.g. suitable chair, lighting, noise levels, facilities) ; I have tasks that can't be done remotely ; Lack of remote working skills ; My living situation (e.g. location, home size, who I live with) ; Management discourages remote working",2020,remote_barrier_10_most,Remote barriers
"From the following, please select the least significant barrier to doing your work remotely - My organisation's software and systems ; My workspace (e.g. suitable chair, lighting, noise levels, facilities) ; I have tasks that can't be done remotely ; Lack of remote working skills ; My living situation (e.g. location, home size, who I live with) ; Management discourages remote working",2020,remote_barrier_10_least,Remote barriers
Compare remote working to working at your employer’s workplace. Select the best aspect of remote working for you - Managing my family responsibilities ; My working relationships ; Preparing for work and commuting ; The number of hours  I work ; My work-life balance ; My on-the-job learning opportunities,2020,remote_vs_onsite_1_best,Remote vs Onsite
Compare remote working to working at your employer’s workplace. Select the worst aspect of remote working for you - Managing my family responsibilities ; My working relationships ; Preparing for work and commuting ; The number of hours  I work ; My work-life balance ; My on-the-job learning opportunities,2020,remote_vs_onsite_1_worst,Remote vs Onsite
Compare remote working to working at your employer’s workplace. Select the best aspect of remote working for you - Managing my family responsibilities ; My working relationships ; Preparing for work and commuting ; Managing my personal commitments ; My opportunities to socialise ; My mental wellbeing,2020,remote_vs_onsite_2_best,Remote vs Onsite
Compare remote working to working at your employer’s workplace. Select the worst aspect of remote working for you - Managing my family responsibilities ; My working relationships ; Preparing for work and commuting ; Managing my personal commitments ; My opportunities to socialise ; My mental wellbeing,2020,remote_vs_onsite_2_worst,Remote vs Onsite
Compare remote working to working at your employer’s workplace. Select the best aspect of remote working for you - Managing my family responsibilities ; My working relationships ; Preparing for work and commuting ; My daily expenses ; My personal relationships ; My job satisfaction,2020,remote_vs_onsite_3_best,Remote vs Onsite
Compare remote working to working at your employer’s workplace. Select the worst aspect of remote working for you - Managing my family responsibilities ; My working relationships ; Preparing for work and commuting ; My daily expenses ; My personal relationships ; My job satisfaction,2020,remote_vs_onsite_3_worst,Remote vs Onsite
Compare remote working to working at your employer’s workplace. Select the best aspect of remote working for you - The number of hours  I work ; My work-life balance ; My on-the-job learning opportunities ; Managing my personal commitments ; My opportunities to socialise ; My mental wellbeing,2020,remote_vs_onsite_4_best,Remote vs Onsite
Compare remote working to working at your employer’s workplace. Select the worst aspect of remote working for you - The number of hours  I work ; My work-life balance ; My on-the-job learning opportunities ; Managing my personal commitments ; My opportunities to socialise ; My mental wellbeing,2020,remote_vs_onsite_4_worst,Remote vs Onsite
Compare remote working to working at your employer’s workplace. Select the best aspect of remote working for you - The number of hours  I work ; My work-life balance ; My on-the-job learning opportunities ; My daily expenses ; My personal relationships ; My job satisfaction,2020,remote_vs_onsite_5_best,Remote vs Onsite
Compare remote working to working at your employer’s workplace. Select the worst aspect of remote working for you - The number of hours  I work ; My work-life balance ; My on-the-job learning opportunities ; My daily expenses ; My personal relationships ; My job satisfaction,2020,remote_vs_onsite_5_worst,Remote vs Onsite
Compare remote working to working at your employer’s workplace. Select the best aspect of remote working for you - Managing my personal commitments ; My opportunities to socialise ; My mental wellbeing ; My daily expenses ; My personal relationships ; My job satisfaction,2020,remote_vs_onsite_6_best,Remote vs Onsite
Compare remote working to working at your employer’s workplace. Select the worst aspect of remote working for you - Managing my personal commitments ; My opportunities to socialise ; My mental wellbeing ; My daily expenses ; My personal relationships ; My job satisfaction,2020,remote_vs_onsite_6_worst,Remote vs Onsite
Response ID,2021,resp_id,Demographics
What year were you born?  ,2021,year_born,Demographics
What is your gender?  ,2021,gender,Demographics
"How long have you been in your current job?  If you have more than one job, please answer all questions for your main job.  ",2021,years_in_job,Demographics
Which of the following best describes your industry?  ,2021,industry,Demographics
Which of the following best describes your current occupation?  ,2021,occupation,Demographics
How many people are currently employed by your organisation?   ,2021,org_size,Demographics
Which of the following best describes your household?  ,2021,household_type,Demographics
Metro or Regional,2021,metro_regional,Demographics
"Thinking about your current job, how much of your work time did you spend working remotely in the last quarter of last year?   This means October-December 2020  If you work a 5 day week, each day of remote working equals 20% of your time.  ",2021,remote_time_spent_2020Q4,Time spent working remotely
"How much of your work time would you have preferred to work remotely during the last quarter of last year?   This means October-December 2020  If you work a 5 day week, each day of remote working equals 20% of your time.  ",2021,remote_preferred_2020Q4,Preference for remote working
"Thinking about your current job, how much of your work time have you spent working remotely this year?  If you work a 5 day week, each day of remote working equals 20% of your time.  ",2021,remote_time_spent_this_year,Time spent working remotely
"How much of your work time would you have preferred to work remotely so far this year?  If you work a 5 day week, each day of remote working equals 20% of your time.  ",2021,remote_preferred_this_year,Preference for remote working
"Imagine that COVID-19 is cured or eradicated.   Going forward, how much of your work time would you prefer to work remotely?  If you work a 5 day week, each day of remote working equals 20% of your time.  ",2021,covid_remote_time_preferred,COVID-19 cured or eradicated
These questions are about the remote working arrangements in your organisation.  Has your employer changed or updated their policy on remote work since COVID-19?   This means since February/March 2020  ,2021,covid_org_remote_policy_change,Employer policy
"In the past 6 months, have you ever worked part of your day remotely, and part of it at your employer’s workplace?",2021,part_remote_onsite_last_6mo,Hybrid working
How often do you work this way?  ,2021,part_remote_onsite_how_often,Hybrid working
How often would you like to work this way?  ,2021,part_remote_onsite_how_often_like,Hybrid working
Does your employer have a policy that workers must be at the employer’s workplace some of the time?  ,2021,covid_org_core_hours_policy,Employer policy
"How much of your work time does your employer’s policy require you to be at their workplace?  If you work a 5 day week, 1 day equals 20% of your work time.  ",2021,covid_org_core_hours_pct,Employer policy
"Thinking about your employer’s policy on remote working, how strongly do you agree or disagree with the following statements?   Please select a single response per row   - My employer’s remote working policy suits me",2021,org_policy_suits_me,Employer policy
"Thinking about your employer’s policy on remote working, how strongly do you agree or disagree with the following statements?   Please select a single response per row   - I get to choose how much work I do remotely",2021,org_policy_amount_choice,Employer policy
"Thinking about your employer’s policy on remote working, how strongly do you agree or disagree with the following statements?   Please select a single response per row   - I choose which days I work remotely",2021,org_policy_day_choice,Employer policy
"Thinking about your employer’s policy on remote working, how strongly do you agree or disagree with the following statements?   Please select a single response per row   - My direct manager has discretion to allow or deny remote work",2021,org_policy_manager_discretion,Employer policy
How do you feel about your employer’s remote working policy?  ,2021,remote_policy_feeling,Employer policy
"Thinking about remote working in the last 6 months, how strongly do you agree or disagree with the following statements?   Please select a single response per row   - My organisation encouraged people to work remotely",2021,remote_encouraged_last_6mo,Remote statement trend
"Thinking about remote working in the last 6 months, how strongly do you agree or disagree with the following statements?   Please select a single response per row   - My organisation was well prepared for me to work remotely",2021,remote_prepared_last_6mo,Remote statement trend
"Thinking about remote working in the last 6 months, how strongly do you agree or disagree with the following statements?   Please select a single response per row   - It was common for people in my organisation to work remotely",2021,remote_common_last_6mo,Remote statement trend
"Thinking about remote working in the last 6 months, how strongly do you agree or disagree with the following statements?   Please select a single response per row   - It was easy to get permission to work remotely",2021,remote_easy_permission_last_6mo,Remote statement trend
"Thinking about remote working in the last 6 months, how strongly do you agree or disagree with the following statements?   Please select a single response per row   - I could easily collaborate with colleagues when working remotely",2021,remote_easy_collaborate_last_6mo,Remote statement trend
"Thinking about remote working in the last 6 months, how strongly do you agree or disagree with the following statements?   Please select a single response per row   - Working remotely reduces my chances of promotion",2021,remote_reduce_promotion_last_6mo,Remote statement trend
"Thinking about remote working in the last 6 months, how strongly do you agree or disagree with the following statements?   Please select a single response per row   - I take more regular breaks while working remotely",2021,remote_regular_breaks_last_6mo,Remote statement trend
Do you think remote working is a positive or a negative for your employer?  ,2021,org_remote_positive_negative,Remote working impact on employer
Who is most supportive of remote working in your organisation?  ,2021,org_supportive,Remote working employer supporter
Imagine that COVID-19 is cured or eradicated.    How likely would you consider the following statements?   - My employer would encourage more remote working,2021,covid_remote_employer_encourage,COVID-19 cured or eradicated
Imagine that COVID-19 is cured or eradicated.    How likely would you consider the following statements?   - My employer would make changes to support remote working,2021,covid_remote_employer_changes,COVID-19 cured or eradicated
Imagine that COVID-19 is cured or eradicated.    How likely would you consider the following statements?   - I would have more choice about whether I work remotely,2021,covid_remote_more_choice,COVID-19 cured or eradicated
"Think about your experience this year. On a day when you attend your employer's workplace, how many hours would you spend doing the following activities?   For example, a response of ‘1’ means 1 hour.  A response of ‘0.5’ means half an hour.   Your responses should add to 24 hours.   - Preparing for work and commuting",2021,onsite_time_spent_prep,Time spent
"Think about your experience this year. On a day when you attend your employer's workplace, how many hours would you spend doing the following activities?   For example, a response of ‘1’ means 1 hour.  A response of ‘0.5’ means half an hour.   Your responses should add to 24 hours.   - Working",2021,onsite_time_spent_working,Time spent
"Think about your experience this year. On a day when you attend your employer's workplace, how many hours would you spend doing the following activities?   For example, a response of ‘1’ means 1 hour.  A response of ‘0.5’ means half an hour.   Your responses should add to 24 hours.   - Caring and domestic responsibilities",2021,onsite_time_spent_caring,Time spent
"Think about your experience this year. On a day when you attend your employer's workplace, how many hours would you spend doing the following activities?   For example, a response of ‘1’ means 1 hour.  A response of ‘0.5’ means half an hour.   Your responses should add to 24 hours.   - Personal and family time",2021,onsite_time_spent_personal,Time spent
"Think about your experience this year. On a day when you attend your employer's workplace, how many hours would you spend doing the following activities?   For example, a response of ‘1’ means 1 hour.  A response of ‘0.5’ means half an hour.   Your responses should add to 24 hours.   - Sleep",2021,onsite_time_spent_sleep,Time spent
"Think about your experience this year. On a day when you work remotely, how many hours would you spend doing the following activities?  For example, a response of ‘1’ means 1 hour.  A response of ‘0.5’ means half an hour.   Your responses should add to 24 hours.   - Preparing for work and commuting",2021,remote_time_spent_prep,Time spent
"Think about your experience this year. On a day when you work remotely, how many hours would you spend doing the following activities?  For example, a response of ‘1’ means 1 hour.  A response of ‘0.5’ means half an hour.   Your responses should add to 24 hours.   - Working",2021,remote_time_spent_working,Time spent
"Think about your experience this year. On a day when you work remotely, how many hours would you spend doing the following activities?  For example, a response of ‘1’ means 1 hour.  A response of ‘0.5’ means half an hour.   Your responses should add to 24 hours.   - Caring and domestic responsibilities",2021,remote_time_spent_caring,Time spent
"Think about your experience this year. On a day when you work remotely, how many hours would you spend doing the following activities?  For example, a response of ‘1’ means 1 hour.  A response of ‘0.5’ means half an hour.   Your responses should add to 24 hours.   - Personal and family time",2021,remote_time_spent_personal,Time spent
"Think about your experience this year. On a day when you work remotely, how many hours would you spend doing the following activities?  For example, a response of ‘1’ means 1 hour.  A response of ‘0.5’ means half an hour.   Your responses should add to 24 hours.   - Sleep",2021,remote_time_spent_sleep,Time spent
"Imagine your employer offered you the option to work remotely whenever you chose, in return for negotiating a pay cut that you both agree on.  Would you be interested in negotiating?   ",2021,remote_pay_cut_negotiate,Pay cuts
What is the biggest pay cut you would accept?   Please give your answer as a percentage.  ,2021,remote_pay_cut_max,Pay cuts
Have the following barriers to remote working improved or worsened for you over the past 6 months?   - My caring responsibilities,2021,barrier_direction_caring,Direction of remote barriers
Have the following barriers to remote working improved or worsened for you over the past 6 months?   - Connectivity (for example internet),2021,barrier_direction_connectivity,Direction of remote barriers
Have the following barriers to remote working improved or worsened for you over the past 6 months?   - My organisation's software and systems,2021,barrier_direction_software,Direction of remote barriers
Have the following barriers to remote working improved or worsened for you over the past 6 months?   - Difficulty collaborating remotely,2021,barrier_direction_collaborating,Direction of remote barriers
Have the following barriers to remote working improved or worsened for you over the past 6 months?   - Poor management,2021,barrier_direction_management,Direction of remote barriers
Have the following barriers to remote working improved or worsened for you over the past 6 months?   - IT equipment (computer or printer),2021,barrier_direction_equipment,Direction of remote barriers
Have the following barriers to remote working improved or worsened for you over the past 6 months?   - Feeling left out and/or isolated,2021,barrier_direction_isolation,Direction of remote barriers
Have the following barriers to remote working improved or worsened for you over the past 6 months?   - Extra costs,2021,barrier_direction_costs,Direction of remote barriers
Have the following barriers to remote working improved or worsened for you over the past 6 months?   - Cyber security,2021,barrier_direction_cybersecurity,Direction of remote barriers
Have the following barriers to remote working improved or worsened for you over the past 6 months?   - I have tasks that can't be done remotely,2021,barrier_direction_onsite_tasks,Direction of remote barriers
"Have the following barriers to remote working improved or worsened for you over the past 6 months?   - My workspace (e.g. suitable chair, lighting, noise levels, facilities)",2021,barrier_direction_workspace,Direction of remote barriers
Have the following barriers to remote working improved or worsened for you over the past 6 months?   - Motivation,2021,barrier_direction_motivation,Direction of remote barriers
Have the following barriers to remote working improved or worsened for you over the past 6 months?   - Management discourages remote working,2021,barrier_direction_discouraged,Direction of remote barriers
"Have the following barriers to remote working improved or worsened for you over the past 6 months?   - My living situation (e.g. location, home size, who I live with)",2021,barrier_direction_living_situation,Direction of remote barriers
Have the following barriers to remote working improved or worsened for you over the past 6 months?   - Lack of remote working skills,2021,barrier_direction_skills,Direction of remote barriers
Have the following barriers to remote working improved or worsened for you over the past 6 months?   - My health and safety when working remotely,2021,barrier_direction_health,Direction of remote barriers
Think about when you worked at your employer’s workplace and some of your colleagues were working remotely. What were the biggest barriers of working this way? - Noisy work environment ; Interruptions ; Difficulty collaborating with remote colleagues ; Lack of privacy,2021,onsite_team_remote_barrier_1_biggest,"Working onsite, colleagues remote"
Think about when you worked at your employer’s workplace and some of your colleagues were working remotely. What were the smallest barriers of working this way? - Noisy work environment ; Interruptions ; Difficulty collaborating with remote colleagues ; Lack of privacy,2021,onsite_team_remote_barrier_1_smallest,"Working onsite, colleagues remote"
Think about when you worked at your employer’s workplace and some of your colleagues were working remotely. What were the biggest barriers of working this way? - Connectivity/internet issues ; Lack of appropriate work and meeting spaces ; Problems with audio-visual setup ; Lack of privacy,2021,onsite_team_remote_barrier_2_biggest,"Working onsite, colleagues remote"
Think about when you worked at your employer’s workplace and some of your colleagues were working remotely. What were the smallest barriers of working this way? - Connectivity/internet issues ; Lack of appropriate work and meeting spaces ; Problems with audio-visual setup ; Lack of privacy,2021,onsite_team_remote_barrier_2_smallest,"Working onsite, colleagues remote"
Think about when you worked at your employer’s workplace and some of your colleagues were working remotely. What were the biggest barriers of working this way? - Interruptions ; Connectivity/internet issues ; Lack of appropriate work and meeting spaces ; Difficulty innovating,2021,onsite_team_remote_barrier_3_biggest,"Working onsite, colleagues remote"
Think about when you worked at your employer’s workplace and some of your colleagues were working remotely. What were the smallest barriers of working this way? - Interruptions ; Connectivity/internet issues ; Lack of appropriate work and meeting spaces ; Difficulty innovating,2021,onsite_team_remote_barrier_3_smallest,"Working onsite, colleagues remote"
Think about when you worked at your employer’s workplace and some of your colleagues were working remotely. What were the biggest barriers of working this way? - Connectivity/internet issues ; Difficulty collaborating with remote colleagues ; Difficulty innovating ; Lack of privacy,2021,onsite_team_remote_barrier_4_biggest,"Working onsite, colleagues remote"
Think about when you worked at your employer’s workplace and some of your colleagues were working remotely. What were the smallest barriers of working this way? - Connectivity/internet issues ; Difficulty collaborating with remote colleagues ; Difficulty innovating ; Lack of privacy,2021,onsite_team_remote_barrier_4_smallest,"Working onsite, colleagues remote"
Think about when you worked at your employer’s workplace and some of your colleagues were working remotely. What were the biggest barriers of working this way? - Noisy work environment ; Interruptions ; Connectivity/internet issues ; Difficulty innovating,2021,onsite_team_remote_barrier_5_biggest,"Working onsite, colleagues remote"
Think about when you worked at your employer’s workplace and some of your colleagues were working remotely. What were the smallest barriers of working this way? - Noisy work environment ; Interruptions ; Connectivity/internet issues ; Difficulty innovating,2021,onsite_team_remote_barrier_5_smallest,"Working onsite, colleagues remote"
Think about when you worked at your employer’s workplace and some of your colleagues were working remotely. What were the biggest barriers of working this way? - Noisy work environment ; Interruptions ; Lack of appropriate work and meeting spaces ; Problems with audio-visual setup,2021,onsite_team_remote_barrier_6_biggest,"Working onsite, colleagues remote"
Think about when you worked at your employer’s workplace and some of your colleagues were working remotely. What were the smallest barriers of working this way? - Noisy work environment ; Interruptions ; Lack of appropriate work and meeting spaces ; Problems with audio-visual setup,2021,onsite_team_remote_barrier_6_smallest,"Working onsite, colleagues remote"
Think about when you worked at your employer’s workplace and some of your colleagues were working remotely. What were the biggest barriers of working this way? - Interruptions ; Connectivity/internet issues ; Problems with audio-visual setup ; Difficulty collaborating with remote colleagues,2021,onsite_team_remote_barrier_7_biggest,"Working onsite, colleagues remote"
Think about when you worked at your employer’s workplace and some of your colleagues were working remotely. What were the smallest barriers of working this way? - Interruptions ; Connectivity/internet issues ; Problems with audio-visual setup ; Difficulty collaborating with remote colleagues,2021,onsite_team_remote_barrier_7_smallest,"Working onsite, colleagues remote"
Think about when you worked at your employer’s workplace and some of your colleagues were working remotely. What were the biggest barriers of working this way? - Noisy work environment ; Lack of appropriate work and meeting spaces ; Difficulty innovating ; Lack of privacy,2021,onsite_team_remote_barrier_8_biggest,"Working onsite, colleagues remote"
Think about when you worked at your employer’s workplace and some of your colleagues were working remotely. What were the smallest barriers of working this way? - Noisy work environment ; Lack of appropriate work and meeting spaces ; Difficulty innovating ; Lack of privacy,2021,onsite_team_remote_barrier_8_smallest,"Working onsite, colleagues remote"
Think about when you worked at your employer’s workplace and some of your colleagues were working remotely. What were the biggest barriers of working this way? - Noisy work environment ; Connectivity/internet issues ; Lack of appropriate work and meeting spaces ; Difficulty collaborating with remote colleagues,2021,onsite_team_remote_barrier_9_biggest,"Working onsite, colleagues remote"
Think about when you worked at your employer’s workplace and some of your colleagues were working remotely. What were the smallest barriers of working this way? - Noisy work environment ; Connectivity/internet issues ; Lack of appropriate work and meeting spaces ; Difficulty collaborating with remote colleagues,2021,onsite_team_remote_barrier_9_smallest,"Working onsite, colleagues remote"
Think about when you worked at your employer’s workplace and some of your colleagues were working remotely. What were the biggest barriers of working this way? - Interruptions ; Problems with audio-visual setup ; Difficulty innovating ; Lack of privacy,2021,onsite_team_remote_barrier_10_biggest,"Working onsite, colleagues remote"
Think about when you worked at your employer’s workplace and some of your colleagues were working remotely. What were the smallest barriers of working this way? - Interruptions ; Problems with audio-visual setup ; Difficulty innovating ; Lack of privacy,2021,onsite_team_remote_barrier_10_smallest,"Working onsite, colleagues remote"
Think about when you worked at your employer’s workplace and some of your colleagues were working remotely. What were the biggest barriers of working this way? - Lack of appropriate work and meeting spaces ; Problems with audio-visual setup ; Difficulty collaborating with remote colleagues ; Difficulty innovating,2021,onsite_team_remote_barrier_11_biggest,"Working onsite, colleagues remote"
Think about when you worked at your employer’s workplace and some of your colleagues were working remotely. What were the smallest barriers of working this way? - Lack of appropriate work and meeting spaces ; Problems with audio-visual setup ; Difficulty collaborating with remote colleagues ; Difficulty innovating,2021,onsite_team_remote_barrier_11_smallest,"Working onsite, colleagues remote"
Think about when you worked at your employer’s workplace and some of your colleagues were working remotely. What were the biggest barriers of working this way? - Noisy work environment ; Connectivity/internet issues ; Problems with audio-visual setup ; Lack of privacy,2021,onsite_team_remote_barrier_12_biggest,"Working onsite, colleagues remote"
Think about when you worked at your employer’s workplace and some of your colleagues were working remotely. What were the smallest barriers of working this way? - Noisy work environment ; Connectivity/internet issues ; Problems with audio-visual setup ; Lack of privacy,2021,onsite_team_remote_barrier_12_smallest,"Working onsite, colleagues remote"
Think about when you worked at your employer’s workplace and some of your colleagues were working remotely. What were the biggest barriers of working this way? - Interruptions ; Lack of appropriate work and meeting spaces ; Difficulty collaborating with remote colleagues ; Lack of privacy,2021,onsite_team_remote_barrier_13_biggest,"Working onsite, colleagues remote"
Think about when you worked at your employer’s workplace and some of your colleagues were working remotely. What were the smallest barriers of working this way? - Interruptions ; Lack of appropriate work and meeting spaces ; Difficulty collaborating with remote colleagues ; Lack of privacy,2021,onsite_team_remote_barrier_13_smallest,"Working onsite, colleagues remote"
Think about when you worked at your employer’s workplace and some of your colleagues were working remotely. What were the biggest barriers of working this way? - Noisy work environment ; Problems with audio-visual setup ; Difficulty collaborating with remote colleagues ; Difficulty innovating,2021,onsite_team_remote_barrier_14_biggest,"Working onsite, colleagues remote"
Think about when you worked at your employer’s workplace and some of your colleagues were working remotely. What were the smallest barriers of working this way? - Noisy work environment ; Problems with audio-visual setup ; Difficulty collaborating with remote colleagues ; Difficulty innovating,2021,onsite_team_remote_barrier_14_smallest,"Working onsite, colleagues remote"
How strongly do you agree or disagree with the following statements?   - On days when I work remotely I feel better,2021,remote_feel_better,Impact on wellbeing
How strongly do you agree or disagree with the following statements?   - On days when I work remotely I am more active,2021,remote_more_active,Impact on wellbeing
How strongly do you agree or disagree with the following statements?   - I feel better on days when I see my colleagues in person,2021,onsite_feel_better,Impact on wellbeing
Do you manage people as part of your current job?  ,2021,manage_people,Management screener
Do employees you manage ever work remotely?  ,2021,manage_team_works_remotely,Management screener
How strongly do you agree or disagree with the following statements?    - I have discretion to offer or deny remote work to employees I manage,2021,manage_discretion_over_remote,Managing people remotely
How strongly do you agree or disagree with the following statements?    - Offering remote work helps me retain employees,2021,manage_remote_helps_retain,Managing people remotely
How strongly do you agree or disagree with the following statements?    - Offering remote work helps me to recruit employees,2021,manage_remote_helps_recruit,Managing people remotely
How strongly do you agree or disagree with the following statements?    - My team works well together when they work remotely,2021,manage_remote_team_works_well,Managing people remotely
How strongly do you agree or disagree with the following statements?    - I find it easy to manage employees remotely (e.g. tasking and monitoring progress),2021,manage_remote_easy_remote_management,Managing people remotely
How strongly do you agree or disagree with the following statements?    - I find it easy to manage poor performers remotely,2021,manage_remote_easy_poor_performers,Managing people remotely
How strongly do you agree or disagree with the following statements?    - I feel well-prepared to manage employees remotely,2021,manage_remote_feel_well_prepared,Managing people remotely
How strongly do you agree or disagree with the following statements?    - Managing people remotely makes me more focused on results,2021,manage_remote_focus_results,Managing people remotely
How strongly do you agree or disagree with the following statements?    - I find it easy to contact my employees when they work remotely,2021,manage_remote_easy_contact_team,Managing people remotely
"This question is about your productivity. Productivity means what you produce for each hour that you work. It includes the amount of work you achieve each hour, and the quality of your work each hour.    Please compare your productivity when you work remotely to when you work at your employer’s workplace.    Roughly how productive are you, each hour, when you work remotely?  ",2021,remote_productivity_per_hour,Remote productivity
"Now think about the productivity of the employees you manage.   Roughly how productive are the employees you manage, each hour, when they work remotely?  ",2021,remote_productivity_per_hour_team,Remote productivity
